80207;Bregenz;17134;Bregenz;042417;Achgasse;6900;80207
80207;Bregenz;17134;Bregenz;042418;Achsiedlungsstraße;6900;80207
80207;Bregenz;17134;Bregenz;042419;Äschenweg;6900;80207
80207;Bregenz;17134;Bregenz;042420;Altgasse;6900;80207
80207;Bregenz;17134;Bregenz;042421;Altreuteweg;6900;80207
80207;Bregenz;17134;Bregenz;042423;Am Brand;6900;80207
80207;Bregenz;17134;Bregenz;042424;Am Stein;6900;80207
80207;Bregenz;17134;Bregenz;042425;Am Steinenbach;6900;80207
80207;Bregenz;17134;Bregenz;042426;Am Tannenbach;6900;80207
80207;Bregenz;17134;Bregenz;042427;Ammianusstraße;6900;80207
80207;Bregenz;17134;Bregenz;042428;Amtsplatz;6900;80207
80207;Bregenz;17134;Bregenz;042429;Amtstorstraße;6900;80207
80207;Bregenz;17134;Bregenz;042430;An der Heufurt;6900;80207
80207;Bregenz;17134;Bregenz;042431;Angelika-Kauffmann-Straße;6900;80207
80207;Bregenz;17134;Bregenz;042432;Ankergasse;6900;80207
80207;Bregenz;17134;Bregenz;042433;Anton-Schneider-Straße;6900;80207
80207;Bregenz;17134;Bregenz;042434;Anton-Walser-Gasse;6900;80207
80207;Bregenz;17134;Bregenz;042436;Arlbergstraße;6900;80207
80207;Bregenz;17134;Bregenz;042437;Auf der Matte;6900;80207
80207;Bregenz;17134;Bregenz;042438;Augasse;6900;80207
80207;Bregenz;17134;Bregenz;042440;Aureliastraße;6900;80207
80207;Bregenz;17134;Bregenz;042441;Babenwohlweg;6900;80207
80207;Bregenz;17134;Bregenz;042442;Bachgasse;6900;80207
80207;Bregenz;17134;Bregenz;042444;Bahnhofstraße;6900;80207
80207;Bregenz;17134;Bregenz;042446;Beerenwiesweg;6900;80207
80207;Bregenz;17134;Bregenz;042447;Beergasse;6900;80207
80207;Bregenz;17134;Bregenz;042448;Belruptstraße;6900;80207
80207;Bregenz;17134;Bregenz;042449;Bergmannstraße;6900;80207
80207;Bregenz;17134;Bregenz;042450;Bergstraße;6900;80207
80207;Bregenz;17134;Bregenz;042452;Bezeggstraße;6900;80207
80207;Bregenz;17134;Bregenz;042453;Blodigweg;6900;80207
80207;Bregenz;17134;Bregenz;042455;Blumenstraße;6900;80207
80207;Bregenz;17134;Bregenz;042456;Anton-Bochstraße;6900;80207
80207;Bregenz;17134;Bregenz;042457;Bodangasse;6900;80207
80207;Bregenz;17134;Bregenz;042458;Brachsenweg;6900;80207
80207;Bregenz;17134;Bregenz;042459;Brandgasse;6900;80207
80207;Bregenz;17134;Bregenz;042460;Brielgasse;6900;80207
80207;Bregenz;17134;Bregenz;042461;Broßwaldengasse;6900;80207
80207;Bregenz;17134;Bregenz;042464;Carl-Pedenz-Straße;6900;80207
80207;Bregenz;17134;Bregenz;042465;Claudiusweg;6900;80207
80207;Bregenz;17134;Bregenz;042466;Cosmus-Jenny-Straße;6900;80207
80207;Bregenz;17134;Bregenz;042467;Deuringstraße;6900;80207
80207;Bregenz;17134;Bregenz;042468;Diedogasse;6900;80207
80207;Bregenz;17134;Bregenz;042469;Dorf Rieden;6900;80207
80207;Bregenz;17134;Bregenz;042470;Druckergasse;6900;80207
80207;Bregenz;17134;Bregenz;042471;Drususgasse;6900;80207
80207;Bregenz;17134;Bregenz;042472;Ebnergasse;6900;80207
80207;Bregenz;17134;Bregenz;042473;Ehregutaplatz;6900;80207
80207;Bregenz;17134;Bregenz;042475;Eichholzstraße;6900;80207
80207;Bregenz;17134;Bregenz;042476;Eponastraße;6900;80207
80207;Bregenz;17134;Bregenz;042477;Eragasse;6900;80207
80207;Bregenz;17134;Bregenz;042478;Färbergasse;6900;80207
80207;Bregenz;17134;Bregenz;042480;Felchenstraße;6900;80207
80207;Bregenz;17134;Bregenz;042481;Feldmoosgasse;6900;80207
80207;Bregenz;17134;Bregenz;042482;Feldweg;6900;80207
80207;Bregenz;17134;Bregenz;042484;Firststraße;6900;80207
80207;Bregenz;17134;Bregenz;042485;Fischergasse;6900;80207
80207;Bregenz;17134;Bregenz;042487;Fluherstraße;6900;80207
80207;Bregenz;17134;Bregenz;042488;Forellenweg;6900;80207
80207;Bregenz;17134;Bregenz;042489;Forumgasse;6900;80207
80207;Bregenz;17134;Bregenz;042492;Fritzstraße;6900;80207
80207;Bregenz;17134;Bregenz;042493;Froschauerstraße;6900;80207
80207;Bregenz;17134;Bregenz;042494;Franz-Josef-Weizenegger-Weg;6900;80207
80207;Bregenz;17134;Bregenz;042495;Funkenbühel;6900;80207
80207;Bregenz;17134;Bregenz;042496;Gablerstraße;6900;80207
80207;Bregenz;17134;Bregenz;042497;Gallusstraße;6900;80207
80207;Bregenz;17134;Bregenz;042498;Gebhard-Flatz-Straße;6900;80207
80207;Bregenz;17134;Bregenz;042499;Gebhard-Weiß-Gasse;6900;80207
80207;Bregenz;17134;Bregenz;042500;Gebhardsbergstraße;6900;80207
80207;Bregenz;17134;Bregenz;042501;Georgenschildstraße;6900;80207
80207;Bregenz;17134;Bregenz;042502;Gerberstraße;6900;80207
80207;Bregenz;17134;Bregenz;042503;Geserstraße;6900;80207
80207;Bregenz;17134;Bregenz;042504;Gilmgasse;6900;80207
80207;Bregenz;17134;Bregenz;042505;Gletscherstraße;6900;80207
80207;Bregenz;17134;Bregenz;042506;Glockengieße;6900;80207
80207;Bregenz;17134;Bregenz;042507;Gotengasse;6900;80207
80207;Bregenz;17134;Bregenz;042508;Graf-Wilhelm-Straße;6900;80207
80207;Bregenz;17134;Bregenz;042509;Grundreuteweg;6900;80207
80207;Bregenz;17134;Bregenz;042511;Haldenweg;6900;80207
80207;Bregenz;17134;Bregenz;042512;Hauengasse;6900;80207
80207;Bregenz;17134;Bregenz;042513;Hechtweg;6900;80207
80207;Bregenz;17134;Bregenz;042514;Heldendankstraße;6900;80207
80207;Bregenz;17134;Bregenz;042516;Hinterfeldgasse;6900;80207
80207;Bregenz;17134;Bregenz;042518;Holzackergasse;6900;80207
80207;Bregenz;17134;Bregenz;042519;Holzgasse;6900;80207
80207;Bregenz;17134;Bregenz;042520;Ilgagasse;6900;80207
80207;Bregenz;17134;Bregenz;042521;Im Breitenacker;6900;80207
80207;Bregenz;17134;Bregenz;042522;Im Dorf;6900;80207
80207;Bregenz;17134;Bregenz;042523;Im Mösle;6900;80207
80207;Bregenz;17134;Bregenz;042524;Im Roßhimmel;6900;80207
80207;Bregenz;17134;Bregenz;042525;Im Vesenhag;6900;80207
80207;Bregenz;17134;Bregenz;042526;In der Braike;6900;80207
80207;Bregenz;17134;Bregenz;042527;In der Holzbündt;6900;80207
80207;Bregenz;17134;Bregenz;042528;Inselstraße;6900;80207
80207;Bregenz;17134;Bregenz;042529;Jahnstraße;6900;80207
80207;Bregenz;17134;Bregenz;042530;Jodok-Fink-Straße;6900;80207
80207;Bregenz;17134;Bregenz;042531;Josef-Huter-Straße;6900;80207
80207;Bregenz;17134;Bregenz;042533;Kaiser-Josef-Straße;6900;80207
80207;Bregenz;17134;Bregenz;042534;Kaisermannstraße;6900;80207
80207;Bregenz;17134;Bregenz;042535;Kaiserstraße;6900;80207
80207;Bregenz;17134;Bregenz;042536;Kaspar-Hagen-Straße;6900;80207
80207;Bregenz;17134;Bregenz;042538;Kaspar-Schoch-Straße;6900;80207
80207;Bregenz;17134;Bregenz;042539;Kassian-Haid-Gasse;6900;80207
80207;Bregenz;17134;Bregenz;042540;Kehlerstraße;6900;80207
80207;Bregenz;17134;Bregenz;042541;Kennelbacherstraße;6900;80207
80207;Bregenz;17134;Bregenz;042542;Kirchplatz;6900;80207
80207;Bregenz;17134;Bregenz;042543;Kirchstraße;6900;80207
80207;Bregenz;17134;Bregenz;042544;Klostergasse;6900;80207
80207;Bregenz;17134;Bregenz;042545;Kolumbanstraße;6900;80207
80207;Bregenz;17134;Bregenz;042546;Kornmarktplatz;6900;80207
80207;Bregenz;17134;Bregenz;042547;Kornmarktstraße;6900;80207
80207;Bregenz;17134;Bregenz;042548;Kapuzinergasse;6900;80207
80207;Bregenz;17134;Bregenz;042549;Kronhaldenweg;6900;80207
80207;Bregenz;17134;Bregenz;042550;Kuengasse;6900;80207
80207;Bregenz;17134;Bregenz;042551;Kummenweg;6900;80207
80207;Bregenz;17134;Bregenz;042554;Laimgrubengasse;6900;80207
80207;Bregenz;17134;Bregenz;042555;Landstraße;6900;80207
80207;Bregenz;17134;Bregenz;042556;Landwehrstraße;6900;80207
80207;Bregenz;17134;Bregenz;042557;Langenerstraße;6900;80207
80207;Bregenz;17134;Bregenz;042558;Lauringasse;6900;80207
80207;Bregenz;17134;Bregenz;042559;Lehenweg;6900;80207
80207;Bregenz;17134;Bregenz;042560;Leutbühel;6900;80207
80207;Bregenz;17134;Bregenz;042561;Liberat-Hundertpfund-Straße;6900;80207
80207;Bregenz;17134;Bregenz;042562;Lipburgerstraße;6900;80207
80207;Bregenz;17134;Bregenz;042563;Loherhofweg;6900;80207
80207;Bregenz;17134;Bregenz;042564;Losergasse;6900;80207
80207;Bregenz;17134;Bregenz;042565;Magnusgasse;6900;80207
80207;Bregenz;17134;Bregenz;042566;Manliusweg;6900;80207
80207;Bregenz;17134;Bregenz;042567;Mariahilfstraße;6900;80207
80207;Bregenz;17134;Bregenz;042568;Martinsgasse;6900;80207
80207;Bregenz;17134;Bregenz;042569;Maurachgasse;6900;80207
80207;Bregenz;17134;Bregenz;042570;Mehrerauerstraße;6900;80207
80207;Bregenz;17134;Bregenz;042571;Meinradgasse;6900;80207
80207;Bregenz;17134;Bregenz;042573;Merbodgasse;6900;80207
80207;Bregenz;17134;Bregenz;042574;Metzgerbildstraße;6900;80207
80207;Bregenz;17134;Bregenz;042575;Michael-Gaismayr-Straße;6900;80207
80207;Bregenz;17134;Bregenz;042576;Michl-Felder-Straße;6900;80207
80207;Bregenz;17134;Bregenz;042577;Mildenbergstraße;6900;80207
80207;Bregenz;17134;Bregenz;042578;Montfortstraße;6900;80207
80207;Bregenz;17134;Bregenz;042580;Neu Amerika;6900;80207
80207;Bregenz;17134;Bregenz;042581;Neugasse;6900;80207
80207;Bregenz;17134;Bregenz;042582;Nideggegasse;6900;80207
80207;Bregenz;17134;Bregenz;042584;Obere Burggräflergasse;6900;80207
80207;Bregenz;17134;Bregenz;042585;Oberst-Bilgeri-Straße;6900;80207
80207;Bregenz;17134;Bregenz;042586;Ölrainstraße;6900;80207
80207;Bregenz;17134;Bregenz;042588;Pfänderweg;6900;80207
80207;Bregenz;17134;Bregenz;042590;Plattenstraße;6900;80207
80207;Bregenz;17134;Bregenz;042591;Prälatendammstraße;6900;80207
80207;Bregenz;17134;Bregenz;042592;Pratostraße;6900;80207
80207;Bregenz;17134;Bregenz;042593;Pulverturmgasse;6900;80207
80207;Bregenz;17134;Bregenz;042594;Quellenstraße;6900;80207
80207;Bregenz;17134;Bregenz;042595;Radbahngasse;6900;80207
80207;Bregenz;17134;Bregenz;042596;Ranspergstraße;6900;80207
80207;Bregenz;17134;Bregenz;042597;Rathausstraße;6900;80207
80207;Bregenz;17134;Bregenz;042598;Reichsstraße;6900;80207
80207;Bregenz;17134;Bregenz;042599;Reutegasse;6900;80207
80207;Bregenz;17134;Bregenz;042600;Rhäticusstraße;6900;80207
80207;Bregenz;17134;Bregenz;042601;Rheinstraße;6900;80207
80207;Bregenz;17134;Bregenz;042603;Riedergasse;6900;80207
80207;Bregenz;17134;Bregenz;042604;Römerstraße;6900;80207
80207;Bregenz;17134;Bregenz;042605;Rudolf-Wacker-Straße;6900;80207
80207;Bregenz;17134;Bregenz;042606;Rummergasse;6900;80207
80207;Bregenz;17134;Bregenz;042607;Sachsenheimstraße;6900;80207
80207;Bregenz;17134;Bregenz;042608;Sackgasse;6900;80207
80207;Bregenz;17134;Bregenz;042610;Säntisstraße;6900;80207
80207;Bregenz;17134;Bregenz;042611;Sandgrubenweg;6900;80207
80207;Bregenz;17134;Bregenz;042612;Schäferweg;6900;80207
80207;Bregenz;17134;Bregenz;042613;Schedlerstraße;6900;80207
80207;Bregenz;17134;Bregenz;042614;Scheffelstraße;6900;80207
80207;Bregenz;17134;Bregenz;042615;Scheibengasse;6900;80207
80207;Bregenz;17134;Bregenz;042616;Schendlingerstraße;6900;80207
80207;Bregenz;17134;Bregenz;042617;Schillerstraße;6900;80207
80207;Bregenz;17134;Bregenz;042619;Schlossergasse;6900;80207
80207;Bregenz;17134;Bregenz;042620;Schloßbergstraße;6900;80207
80207;Bregenz;17134;Bregenz;042621;Schloßgasse;6900;80207
80207;Bregenz;17134;Bregenz;042623;Schnabelgässele;6900;80207
80207;Bregenz;17134;Bregenz;042625;Schulgasse;6900;80207
80207;Bregenz;17134;Bregenz;042627;Schwerzenbachstraße;6900;80207
80207;Bregenz;17134;Bregenz;042629;Seestraße;6900;80207
80207;Bregenz;17134;Bregenz;042630;Seyffertitzstraße;6900;80207
80207;Bregenz;17134;Bregenz;042631;Sonnenstraße;6900;80207
80207;Bregenz;17134;Bregenz;042632;St.-Gebhard-Straße;6900;80207
80207;Bregenz;17134;Bregenz;042633;St.-Anna-Straße;6900;80207
80207;Bregenz;17134;Bregenz;042634;Staudachgasse;6900;80207
80207;Bregenz;17134;Bregenz;042635;Staufenweg;6900;80207
80207;Bregenz;17134;Bregenz;042636;Steinachstraße;6900;80207
80207;Bregenz;17134;Bregenz;042637;Steinbruchgasse;6900;80207
80207;Bregenz;17134;Bregenz;042638;Stockachgasse;6900;80207
80207;Bregenz;17134;Bregenz;042639;Stoppelfeldgasse;6900;80207
80207;Bregenz;17134;Bregenz;042640;Strabonstraße;6900;80207
80207;Bregenz;17134;Bregenz;042641;Strandweg;6900;80207
80207;Bregenz;17134;Bregenz;042642;Stülzstraße;6900;80207
80207;Bregenz;17134;Bregenz;042643;Südtirolerplatz;6900;80207
80207;Bregenz;17134;Bregenz;042644;Thalbachbergstraße;6900;80207
80207;Bregenz;17134;Bregenz;042645;Thalbachgasse;6900;80207
80207;Bregenz;17134;Bregenz;042647;Thermenstraße;6900;80207
80207;Bregenz;17134;Bregenz;042648;Thumbstraße;6900;80207
80207;Bregenz;17134;Bregenz;042649;Tiberiusstraße;6900;80207
80207;Bregenz;17134;Bregenz;042650;Trüschenstraße;6900;80207
80207;Bregenz;17134;Bregenz;042651;Untere Burggräflergasse;6900;80207
80207;Bregenz;17134;Bregenz;042652;Viktor-Kleiner-Straße;6900;80207
80207;Bregenz;17134;Bregenz;042653;Vorklostergasse;6900;80207
80207;Bregenz;17134;Bregenz;042654;Wälderstraße;6900;80207
80207;Bregenz;17134;Bregenz;042656;Weidachstraße;6900;80207
80207;Bregenz;17134;Bregenz;042658;Weiherstraße;6900;80207
80207;Bregenz;17134;Bregenz;042659;Weißenreuteweg;6900;80207
80207;Bregenz;17134;Bregenz;042660;Wiesenweg;6900;80207
80207;Bregenz;17134;Bregenz;042661;Wildeggstraße;6900;80207
80207;Bregenz;17134;Bregenz;042662;Willimargasse;6900;80207
80207;Bregenz;17134;Bregenz;042664;Wolf-Huber-Straße;6900;80207
80207;Bregenz;17134;Bregenz;042665;Wolfeggstraße;6900;80207
80207;Bregenz;17134;Bregenz;042666;Wuhrbaumweg;6900;80207
80207;Bregenz;17134;Bregenz;042667;Wuhrwaldstraße;6900;80207
80207;Bregenz;17134;Bregenz;042668;Zehenderstraße;6900;80207
80207;Bregenz;17134;Bregenz;046156;Berg-Isel-Weg;6900;80207
80207;Bregenz;17134;Bregenz;052589;Im Wingat;6900;80207
80207;Bregenz;17134;Bregenz;052593;Zanderstraße;6900;80207
80207;Bregenz;17134;Bregenz;066142;Fritz-Mayer-Platz;6900;80207
80207;Bregenz;17134;Bregenz;066143;Platz der Wiener Symphoniker;6900;80207
80207;Bregenz;17134;Bregenz;066144;Herbert-Reyl-Gasse;6900;80207
80207;Bregenz;17134;Bregenz;066145;Im Rebgärtle;6900;80207
80207;Bregenz;17134;Bregenz;066820;Hypo-Passage;6900;80207
80207;Bregenz;17134;Bregenz;066821;Sägergasse;6900;80207
80207;Bregenz;17134;Bregenz;066855;Friedhofgasse;6900;80207
80207;Bregenz;17134;Bregenz;067960;Seepromenade;6900;80207
80207;Bregenz;17134;Bregenz;073363;Kaspar-Moosbrugger-Platz;6900;80207
80207;Bregenz;17134;Bregenz;073364;Kolpingplatz;6900;80207
80207;Bregenz;17134;Bregenz;073371;Sebastian-Kneipp-Weg;6900;80207
80207;Bregenz;17134;Bregenz;073372;Seglerweg;6900;80207
80207;Bregenz;17134;Bregenz;073376;Clemens-Holzmeister-Gasse;6900;80207
80207;Bregenz;17134;Bregenz;092167;Schoellergasse;6900;80207
80207;Bregenz;17134;Bregenz;092504;Wolfordstraße;6900;80207
80207;Bregenz;17134;Bregenz;097850;Karl-Tizian-Platz;6900;80207
80207;Bregenz;17134;Bregenz;098503;Achweg;6900;80207
80207;Bregenz;17134;Bregenz;098523;Peter-Schenk-Weg;6900;80207
80207;Bregenz;17134;Bregenz;103957;Gebhardsberg;6900;80207
80207;Bregenz;17134;Bregenz;106324;Alte Jugendherberge;6900;80207
80207;Bregenz;17134;Bregenz;108269;Barbenweg;6900;80207
80207;Bregenz;17134;Bregenz;109996;Albert-Bechtold-Weg;6900;80207
80207;Bregenz;17134;Bregenz;111290;Alte Fähre;6900;80207
80207;Bregenz;17134;Bregenz;111712;Schöllersteig;6900;80207
80207;Bregenz;17134;Bregenz;111713;Seestadtareal;6900;80207
80207;Bregenz;17134;Bregenz;112037;Badgässele;6900;80207
80207;Bregenz;17134;Bregenz;115664;Agathe-Fessler-Straße;6900;80207
80207;Bregenz;17134;Bregenz;115814;Max-Haller-Straße;6900;80207
80207;Bregenz;17134;Bregenz;118303;Sparkassenplatz;6900;80207
80207;Bregenz;17134;Bregenz;119415;Seeanlagen;6900;80207
80207;Bregenz;17134;Bregenz;122499;Ibelewies;6900;80207
80207;Bregenz;17135;Fluh;068031;Fluh;6900;80207
80208;Buch;17136;Buch;098484;Heimen;6960;80208
80208;Buch;17136;Buch;098485;Rohner;6960;80208
80208;Buch;17136;Buch;098486;Siegerhalde;6960;80208
80208;Buch;17136;Buch;098487;Egg;6960;80208
80208;Buch;17136;Buch;098488;Ippach;6960;80208
80208;Buch;17136;Buch;098489;Ebnet;6960;80208
80208;Buch;17136;Buch;098490;Gartland;6960;80208
80208;Buch;17136;Buch;098491;Bach;6960;80208
80208;Buch;17136;Buch;098492;Hinteracker;6960;80208
80208;Buch;17136;Buch;098493;Moor;6960;80208
80208;Buch;17136;Buch;098494;Reigenmoos;6960;80208
80208;Buch;17136;Buch;098495;Koß;6960;80208
80208;Buch;17136;Buch;098496;Höfling;6960;80208
80208;Buch;17136;Buch;098497;Risar;6960;80208
80208;Buch;17136;Buch;098498;Mereute;6960;80208
80208;Buch;17136;Buch;098499;Schwarzen;6960;80208
80208;Buch;17136;Buch;098500;Halder;6960;80208
80208;Buch;17136;Buch;098501;Tobel;6960;80208
80208;Buch;17136;Buch;098502;Hilares-Bühel;6960;80208
80209;Damüls;17137;Damüls;090164;Damüls;6884;80209
80210;Doren;17138;Doren;066670;Bozenau;6933;80210
80210;Doren;17138;Doren;066671;Bürschlegg;6933;80210
80210;Doren;17138;Doren;066672;Säge;6933;80210
80210;Doren;17138;Doren;066673;Nellenburg;6933;80210
80210;Doren;17138;Doren;066674;Au;6933;80210
80210;Doren;17138;Doren;066675;Brenden;6933;80210
80210;Doren;17138;Doren;066676;Dorf;6933;80210
80210;Doren;17138;Doren;066677;Egg;6933;80210
80210;Doren;17138;Doren;066678;Kirchdorf;6933;80210
80210;Doren;17138;Doren;066679;Schnoran;6933;80210
80210;Doren;17138;Doren;066680;Huban;6933;80210
80210;Doren;17138;Doren;066681;Tieftobel;6933;80210
80210;Doren;17138;Doren;066682;Hemmessen;6933;80210
80210;Doren;17138;Doren;066683;Grötzern;6933;80210
80210;Doren;17138;Doren;066684;Kaltschmieden;6933;80210
80210;Doren;17138;Doren;066685;Moos;6933;80210
80210;Doren;17138;Doren;066686;Rain;6933;80210
80210;Doren;17138;Doren;066687;Stegen;6933;80210
80210;Doren;17138;Doren;066688;Rohrhalden;6933;80210
80210;Doren;17138;Doren;066690;Schönengrund;6933;80210
80210;Doren;17138;Doren;066692;Standbach;6933;80210
80210;Doren;17138;Doren;066694;Rotach;6933;80210
80210;Doren;17138;Doren;066695;Brunst;6933;80210
80210;Doren;17138;Doren;066696;Stocker;6933;80210
80210;Doren;17138;Doren;066697;Stein;6933;80210
80210;Doren;17138;Doren;066698;Halden;6933;80210
80210;Doren;17138;Doren;066699;Hochstadel;6933;80210
80210;Doren;17138;Doren;066700;Langschwend;6933;80210
80210;Doren;17138;Doren;066701;Hüttersberg;6933;80210
80210;Doren;17138;Doren;066702;Sulz;6933;80210
80210;Doren;17138;Doren;066703;Wengfell;6933;80210
80210;Doren;17138;Doren;100815;Oberhuban;6933;80210
80210;Doren;17138;Doren;100816;Oberschnoran;6933;80210
80215;Hard;17144;Hard;001499;Inselstraße;6971;80215
80215;Hard;17144;Hard;014200;Im Acker;6971;80215
80215;Hard;17144;Hard;042683;Achstraße;6971;80215
80215;Hard;17144;Hard;042684;Alandgasse;6971;80215
80215;Hard;17144;Hard;042685;Allmendstraße;6971;80215
80215;Hard;17144;Hard;042686;Alte Straße;6971;80215
80215;Hard;17144;Hard;042687;Alvierweg;6971;80215
80215;Hard;17144;Hard;042688;Am Kohlplatz;6971;80215
80215;Hard;17144;Hard;042690;Am Sägenkanal;6971;80215
80215;Hard;17144;Hard;042691;Am Wuhrkopf;6971;80215
80215;Hard;17144;Hard;042692;An der Steinlache;6971;80215
80215;Hard;17144;Hard;042693;Ankergasse;6971;80215
80215;Hard;17144;Hard;042694;Badgasse;6971;80215
80215;Hard;17144;Hard;042695;Bahnhofstraße;6971;80215
80215;Hard;17144;Hard;042696;Bitzeweg;6971;80215
80215;Hard;17144;Hard;042697;Bommenweg;6971;80215
80215;Hard;17144;Hard;042698;Burgauerweg;6971;80215
80215;Hard;17144;Hard;042699;Bussardweg;6971;80215
80215;Hard;17144;Hard;042700;Dorngasse;6971;80215
80215;Hard;17144;Hard;042701;Eicheleweg;6971;80215
80215;Hard;17144;Hard;042702;Elisabethweg;6971;80215
80215;Hard;17144;Hard;042703;Elsterweg;6971;80215
80215;Hard;17144;Hard;042704;Erikastraße;6971;80215
80215;Hard;17144;Hard;042705;Erlachstraße;6971;80215
80215;Hard;17144;Hard;042706;Erlengrund;6971;80215
80215;Hard;17144;Hard;042707;Eschlestraße;6971;80215
80215;Hard;17144;Hard;042708;Fallenweg;6971;80215
80215;Hard;17144;Hard;042710;Fellentorweg;6971;80215
80215;Hard;17144;Hard;042711;Finkenweg;6971;80215
80215;Hard;17144;Hard;042712;Fischergasse;6971;80215
80215;Hard;17144;Hard;042713;Flötzerweg;6971;80215
80215;Hard;17144;Hard;042714;Fohrengasse;6971;80215
80215;Hard;17144;Hard;042715;Gerbestraße;6971;80215
80215;Hard;17144;Hard;042716;Glasergasse;6971;80215
80215;Hard;17144;Hard;042717;Grafenweg;6971;80215
80215;Hard;17144;Hard;042718;Habichtweg;6971;80215
80215;Hard;17144;Hard;042719;Härdleweg;6971;80215
80215;Hard;17144;Hard;042720;Hafenstraße;6971;80215
80215;Hard;17144;Hard;042721;Heimgartstraße;6971;80215
80215;Hard;17144;Hard;042722;Herrengartenweg;6971;80215
80215;Hard;17144;Hard;042723;Hölzelestraße;6971;80215
80215;Hard;17144;Hard;042724;Hofsteigstraße;6971;80215
80215;Hard;17144;Hard;042725;Holzlütweg;6971;80215
80215;Hard;17144;Hard;042727;Lustenauer Straße;6971;80215
80215;Hard;17144;Hard;042728;Im Kaisermann;6971;80215
80215;Hard;17144;Hard;042730;In der Au;6971;80215
80215;Hard;17144;Hard;042731;Inselgrund;6971;80215
80215;Hard;17144;Hard;042732;Juchartstraße;6971;80215
80215;Hard;17144;Hard;042733;Kaltenbachstraße;6971;80215
80215;Hard;17144;Hard;042734;Kastenweg;6971;80215
80215;Hard;17144;Hard;042735;Kiesestraße;6971;80215
80215;Hard;17144;Hard;042736;Kirchstraße;6971;80215
80215;Hard;17144;Hard;042737;Kohlplatzstraße;6971;80215
80215;Hard;17144;Hard;042738;Kotterstraße;6971;80215
80215;Hard;17144;Hard;042739;Krummenweg;6971;80215
80215;Hard;17144;Hard;042740;Landstraße;6971;80215
80215;Hard;17144;Hard;042741;Langackerweg;6971;80215
80215;Hard;17144;Hard;042742;Langenstegstraße;6971;80215
80215;Hard;17144;Hard;042743;Lehenweg;6971;80215
80215;Hard;17144;Hard;042745;Lerchenmühlstraße;6971;80215
80215;Hard;17144;Hard;042746;Lerchenweg;6971;80215
80215;Hard;17144;Hard;042747;Lochbachstraße;6971;80215
80215;Hard;17144;Hard;042748;Margarethendamm;6971;80215
80215;Hard;17144;Hard;042749;Marktstraße;6971;80215
80215;Hard;17144;Hard;042750;Mesnergasse;6971;80215
80215;Hard;17144;Hard;042751;Mittelweiherburg;6971;80215
80215;Hard;17144;Hard;042752;Mittriedstraße;6971;80215
80215;Hard;17144;Hard;042754;Mühlestraße;6971;80215
80215;Hard;17144;Hard;042755;Mühlwasenstraße;6971;80215
80215;Hard;17144;Hard;042756;Neubaustraße;6971;80215
80215;Hard;17144;Hard;042757;Neulandstraße;6971;80215
80215;Hard;17144;Hard;042758;Oberer Achdamm;6971;80215
80215;Hard;17144;Hard;042759;Pfründgasse;6971;80215
80215;Hard;17144;Hard;042760;Poststraße;6971;80215
80215;Hard;17144;Hard;042761;Quellensiedlung;6971;80215
80215;Hard;17144;Hard;042762;Quellenstraße;6971;80215
80215;Hard;17144;Hard;042763;Rätikonweg;6971;80215
80215;Hard;17144;Hard;042764;Rauhholzstraße;6971;80215
80215;Hard;17144;Hard;042765;Rebengasse;6971;80215
80215;Hard;17144;Hard;042766;Rebhuhnweg;6971;80215
80215;Hard;17144;Hard;042768;Reutelestraße;6971;80215
80215;Hard;17144;Hard;042769;Rheinstraße;6971;80215
80215;Hard;17144;Hard;042771;Römerweg;6971;80215
80215;Hard;17144;Hard;042772;Roßgasse;6971;80215
80215;Hard;17144;Hard;042773;Rotachstraße;6971;80215
80215;Hard;17144;Hard;042774;Sägenplatz;6971;80215
80215;Hard;17144;Hard;042775;Sägewerkstraße;6971;80215
80215;Hard;17144;Hard;042776;Salbachstraße;6971;80215
80215;Hard;17144;Hard;042777;Sandgasse;6971;80215
80215;Hard;17144;Hard;042779;Schulweg;6971;80215
80215;Hard;17144;Hard;042780;Schwabengasse;6971;80215
80215;Hard;17144;Hard;042781;Schweizergasse;6971;80215
80215;Hard;17144;Hard;042782;Schwertgasse;6971;80215
80215;Hard;17144;Hard;042783;Seestraße;6971;80215
80215;Hard;17144;Hard;042784;Sperberweg;6971;80215
80215;Hard;17144;Hard;042785;Spinnereistraße;6971;80215
80215;Hard;17144;Hard;042786;Sportplatzstraße;6971;80215
80215;Hard;17144;Hard;042787;Starenweg;6971;80215
80215;Hard;17144;Hard;042788;Staufenweg;6971;80215
80215;Hard;17144;Hard;042789;Steinleserweg;6971;80215
80215;Hard;17144;Hard;042790;Steinlochstraße;6971;80215
80215;Hard;17144;Hard;042792;Steußbergweg;6971;80215
80215;Hard;17144;Hard;042793;Südtirolerplatz;6971;80215
80215;Hard;17144;Hard;042794;Taubenweg;6971;80215
80215;Hard;17144;Hard;042795;Torbachstraße;6971;80215
80215;Hard;17144;Hard;042797;Uferstraße;6971;80215
80215;Hard;17144;Hard;042798;Unterer Achdamm;6971;80215
80215;Hard;17144;Hard;042799;Unterfeldstraße;6971;80215
80215;Hard;17144;Hard;042801;Wagnergasse;6971;80215
80215;Hard;17144;Hard;042802;Wallstraße;6971;80215
80215;Hard;17144;Hard;042803;Walserstraße;6971;80215
80215;Hard;17144;Hard;042804;Webereiweg;6971;80215
80215;Hard;17144;Hard;042805;Werksiedlung;6971;80215
80215;Hard;17144;Hard;042806;Wiesweg;6971;80215
80215;Hard;17144;Hard;042807;Wilhelmstraße;6971;80215
80215;Hard;17144;Hard;042808;Wirkerweg;6971;80215
80215;Hard;17144;Hard;042809;Wuhrwaldstraße;6971;80215
80215;Hard;17144;Hard;042810;Zilatweg;6971;80215
80215;Hard;17144;Hard;052598;In der Schanz;6971;80215
80215;Hard;17144;Hard;052599;Rechter Rheindamm;6971;80215
80215;Hard;17144;Hard;052964;Am Birkengraben;6971;80215
80215;Hard;17144;Hard;052965;Binsenfeld;6971;80215
80215;Hard;17144;Hard;052966;Mockenstraße;6971;80215
80215;Hard;17144;Hard;052967;Reitergasse;6971;80215
80215;Hard;17144;Hard;052969;Am Römerstein;6971;80215
80215;Hard;17144;Hard;052970;Falkenweg;6971;80215
80215;Hard;17144;Hard;052971;Feldweg;6971;80215
80215;Hard;17144;Hard;052972;Flurstraße;6971;80215
80215;Hard;17144;Hard;052973;Im Winkel;6971;80215
80215;Hard;17144;Hard;052974;Lerchenauerstraße;6971;80215
80215;Hard;17144;Hard;052975;Pfänderweg;6971;80215
80215;Hard;17144;Hard;052976;Rheintalsiedlung;6971;80215
80215;Hard;17144;Hard;052977;Schäfferhofstraße;6971;80215
80215;Hard;17144;Hard;052978;Schäfferhof;6971;80215
80215;Hard;17144;Hard;052979;Torggelgasse;6971;80215
80215;Hard;17144;Hard;052980;Wachtelweg;6971;80215
80215;Hard;17144;Hard;058849;Industriestraße;6971;80215
80215;Hard;17144;Hard;065560;Älpeleweg;6971;80215
80215;Hard;17144;Hard;065561;Bödeleweg;6971;80215
80215;Hard;17144;Hard;065562;Rabenweg;6971;80215
80215;Hard;17144;Hard;065563;Gartenweg;6971;80215
80215;Hard;17144;Hard;067203;Auhafendamm;6971;80215
80215;Hard;17144;Hard;067204;Heuweg;6971;80215
80215;Hard;17144;Hard;067205;Im Böschen;6971;80215
80215;Hard;17144;Hard;067206;Im Oberesch;6971;80215
80215;Hard;17144;Hard;067207;Martinsweg;6971;80215
80215;Hard;17144;Hard;068952;Apfelweg;6971;80215
80215;Hard;17144;Hard;068953;Birnenweg;6971;80215
80215;Hard;17144;Hard;092214;Kugelweg;6971;80215
80215;Hard;17144;Hard;094516;Nußweg;6971;80215
80215;Hard;17144;Hard;098303;Schnepfenweg;6971;80215
80215;Hard;17144;Hard;098540;Im Birken;6971;80215
80215;Hard;17144;Hard;098541;Im Dielen;6971;80215
80215;Hard;17144;Hard;098542;Irisweg;6971;80215
80215;Hard;17144;Hard;098543;Riedstraße;6971;80215
80215;Hard;17144;Hard;098544;Sebastianweg;6971;80215
80215;Hard;17144;Hard;102001;Küferweg;6971;80215
80215;Hard;17144;Hard;106140;Weidenweg;6971;80215
80215;Hard;17144;Hard;107573;Dreifelderweg;6971;80215
80215;Hard;17144;Hard;108318;Säntisweg;6971;80215
80215;Hard;17144;Hard;112485;Kirchplatz;6971;80215
80215;Hard;17144;Hard;115848;Rosenweg;6971;80215
80215;Hard;17144;Hard;122412;Altmannweg;6971;80215
80215;Hard;17144;Hard;126295;In der Wirke;6971;80215
80220;Kennelbach;17150;Kennelbach;042988;Achstraße;6921;80220
80220;Kennelbach;17150;Kennelbach;042989;Alte Landstraße;6921;80220
80220;Kennelbach;17150;Kennelbach;042990;Am Fallenden Bach;6921;80220
80220;Kennelbach;17150;Kennelbach;042991;Am Rain;6921;80220
80220;Kennelbach;17150;Kennelbach;042992;Bahnhofstraße;6921;80220
80220;Kennelbach;17150;Kennelbach;042993;Bregenzer Straße;6921;80220
80220;Kennelbach;17150;Kennelbach;042994;Breitenreuteweg;6921;80220
80220;Kennelbach;17150;Kennelbach;042995;Dorfstraße;6921;80220
80220;Kennelbach;17150;Kennelbach;042996;Einöde;6921;80220
80220;Kennelbach;17150;Kennelbach;042997;Fabrikweg;6921;80220
80220;Kennelbach;17150;Kennelbach;042998;Fallenweg;6921;80220
80220;Kennelbach;17150;Kennelbach;042999;Feldweg;6921;80220
80220;Kennelbach;17150;Kennelbach;043000;Friedrich-Schindler-Straße;6921;80220
80220;Kennelbach;17150;Kennelbach;043001;Hofsteigstraße;6921;80220
80220;Kennelbach;17150;Kennelbach;043002;Im Gütle;6921;80220
80220;Kennelbach;17150;Kennelbach;043003;Im Herzenmoos;6921;80220
80220;Kennelbach;17150;Kennelbach;043004;Im Klosterhof;6921;80220
80220;Kennelbach;17150;Kennelbach;043005;Im Oberdorf;6921;80220
80220;Kennelbach;17150;Kennelbach;043006;In der Telle;6921;80220
80220;Kennelbach;17150;Kennelbach;043007;Kanalstraße;6921;80220
80220;Kennelbach;17150;Kennelbach;043008;Kirchstraße;6921;80220
80220;Kennelbach;17150;Kennelbach;043009;Klosterfeldstraße;6921;80220
80220;Kennelbach;17150;Kennelbach;043010;Krummenackerweg;6921;80220
80220;Kennelbach;17150;Kennelbach;043011;Kustersbergstraße;6921;80220
80220;Kennelbach;17150;Kennelbach;043012;Langener Straße;6921;80220
80220;Kennelbach;17150;Kennelbach;043013;Liebensteinweg;6921;80220
80220;Kennelbach;17150;Kennelbach;043014;Lochmühle;6921;80220
80220;Kennelbach;17150;Kennelbach;043015;Luxerweg;6921;80220
80220;Kennelbach;17150;Kennelbach;043016;Sägerstraße;6921;80220
80220;Kennelbach;17150;Kennelbach;043017;Schindlersiedlung;6921;80220
80220;Kennelbach;17150;Kennelbach;043018;Parkweg;6921;80220
80220;Kennelbach;17150;Kennelbach;043019;Sportplatzstraße;6921;80220
80220;Kennelbach;17150;Kennelbach;043020;Sankt-Antonius-Weg;6921;80220
80220;Kennelbach;17150;Kennelbach;043021;Steinfeldstraße;6921;80220
80220;Kennelbach;17150;Kennelbach;043022;Walche;6921;80220
80220;Kennelbach;17150;Kennelbach;043023;Waldbahnstraße;6921;80220
80220;Kennelbach;17150;Kennelbach;043024;Waldhäuser;6921;80220
80220;Kennelbach;17150;Kennelbach;043025;Weiherstraße;6921;80220
80220;Kennelbach;17150;Kennelbach;043026;Wuhrkopfweg;6921;80220
80220;Kennelbach;17150;Kennelbach;052602;Dammweg;6921;80220
80220;Kennelbach;17150;Kennelbach;052662;Ahornweg;6921;80220
80220;Kennelbach;17150;Kennelbach;052968;Haldenweg;6921;80220
80220;Kennelbach;17150;Kennelbach;065644;Stumpenreute;6921;80220
80220;Kennelbach;17150;Kennelbach;065645;Hangweg;6921;80220
80220;Kennelbach;17150;Kennelbach;114250;Im Wäldele;6921;80220
80240;Wolfurt;17177;Wolfurt;043387;Achstraße;6922;80240
80240;Wolfurt;17177;Wolfurt;043388;Albert-Loacker-Straße;6922;80240
80240;Wolfurt;17177;Wolfurt;043389;Am Rickenbach;6922;80240
80240;Wolfurt;17177;Wolfurt;043390;Auf dem Bühel;6922;80240
80240;Wolfurt;17177;Wolfurt;043391;Augasse;6922;80240
80240;Wolfurt;17177;Wolfurt;043392;Bahnhofstraße;6922;80240
80240;Wolfurt;17177;Wolfurt;043393;Bahnweg;6922;80240
80240;Wolfurt;17177;Wolfurt;043394;Bannholzweg;6922;80240
80240;Wolfurt;17177;Wolfurt;043395;Blumenfeld;6922;80240
80240;Wolfurt;17177;Wolfurt;043396;Bogenstraße;6922;80240
80240;Wolfurt;17177;Wolfurt;043397;Bregenzer Straße;6922;80240
80240;Wolfurt;17177;Wolfurt;043398;Brühlstraße;6922;80240
80240;Wolfurt;17177;Wolfurt;043399;Brunnengasse;6922;80240
80240;Wolfurt;17177;Wolfurt;043400;Bucher Straße;6922;80240
80240;Wolfurt;17177;Wolfurt;043401;Bützestraße;6922;80240
80240;Wolfurt;17177;Wolfurt;043402;Dammstraße;6922;80240
80240;Wolfurt;17177;Wolfurt;043403;Dorfweg;6922;80240
80240;Wolfurt;17177;Wolfurt;043404;Dornbirner Straße;6922;80240
80240;Wolfurt;17177;Wolfurt;043405;Eichenstraße;6922;80240
80240;Wolfurt;17177;Wolfurt;043406;Engerrütte;6922;80240
80240;Wolfurt;17177;Wolfurt;043407;Eulentobel;6922;80240
80240;Wolfurt;17177;Wolfurt;043408;Fattstraße;6922;80240
80240;Wolfurt;17177;Wolfurt;043409;Feldeggstraße;6922;80240
80240;Wolfurt;17177;Wolfurt;043410;Feldweg;6922;80240
80240;Wolfurt;17177;Wolfurt;043411;Felle;6922;80240
80240;Wolfurt;17177;Wolfurt;043412;Florianweg;6922;80240
80240;Wolfurt;17177;Wolfurt;043413;Flotzbachstraße;6922;80240
80240;Wolfurt;17177;Wolfurt;043414;Flurstraße;6922;80240
80240;Wolfurt;17177;Wolfurt;043415;Frickenescherweg;6922;80240
80240;Wolfurt;17177;Wolfurt;043416;Frühlingstraße;6922;80240
80240;Wolfurt;17177;Wolfurt;043417;Funkenweg;6922;80240
80240;Wolfurt;17177;Wolfurt;043418;Gallusweg;6922;80240
80240;Wolfurt;17177;Wolfurt;043419;Grenzstraße;6922;80240
80240;Wolfurt;17177;Wolfurt;043420;Heimkehrerstraße;6922;80240
80240;Wolfurt;17177;Wolfurt;043421;Himmelreich;6922;80240
80240;Wolfurt;17177;Wolfurt;043422;Hofsteigstraße;6922;80240
80240;Wolfurt;17177;Wolfurt;043423;Holzriedstraße;6922;80240
80240;Wolfurt;17177;Wolfurt;043424;Im Dorf;6922;80240
80240;Wolfurt;17177;Wolfurt;043425;Im Holz;6922;80240
80240;Wolfurt;17177;Wolfurt;043426;Im Kessel;6922;80240
80240;Wolfurt;17177;Wolfurt;043427;Im Wida;6922;80240
80240;Wolfurt;17177;Wolfurt;043429;Inselstraße;6922;80240
80240;Wolfurt;17177;Wolfurt;043430;Kellaweg;6922;80240
80240;Wolfurt;17177;Wolfurt;043431;Kellhofstraße;6922;80240
80240;Wolfurt;17177;Wolfurt;043432;Kesselsiedlung;6922;80240
80240;Wolfurt;17177;Wolfurt;043433;Kesselstraße;6922;80240
80240;Wolfurt;17177;Wolfurt;043434;Kirchstraße;6922;80240
80240;Wolfurt;17177;Wolfurt;043435;Knappenweg;6922;80240
80240;Wolfurt;17177;Wolfurt;043436;Kolumbanweg;6922;80240
80240;Wolfurt;17177;Wolfurt;043437;Kreuzstraße;6922;80240
80240;Wolfurt;17177;Wolfurt;043443;Lauteracher Straße;6922;80240
80240;Wolfurt;17177;Wolfurt;043444;Lerchenstraße;6922;80240
80240;Wolfurt;17177;Wolfurt;043445;Lorenz-Schertler-Straße;6922;80240
80240;Wolfurt;17177;Wolfurt;043446;Mähdlestraße;6922;80240
80240;Wolfurt;17177;Wolfurt;043447;Martinsweg;6922;80240
80240;Wolfurt;17177;Wolfurt;043448;Montfortstraße;6922;80240
80240;Wolfurt;17177;Wolfurt;043449;Moosmahdgasse;6922;80240
80240;Wolfurt;17177;Wolfurt;043450;Mühlestraße;6922;80240
80240;Wolfurt;17177;Wolfurt;043451;Neudorfstraße;6922;80240
80240;Wolfurt;17177;Wolfurt;043452;Oberfeldgasse;6922;80240
80240;Wolfurt;17177;Wolfurt;043453;Primelweg;6922;80240
80240;Wolfurt;17177;Wolfurt;043454;Rebberg;6922;80240
80240;Wolfurt;17177;Wolfurt;043455;Rickenbacherstraße;6922;80240
80240;Wolfurt;17177;Wolfurt;043456;Rittergasse;6922;80240
80240;Wolfurt;17177;Wolfurt;043457;Röhleweg;6922;80240
80240;Wolfurt;17177;Wolfurt;043459;Rutzenbergstraße;6922;80240
80240;Wolfurt;17177;Wolfurt;043461;Schlattweg;6922;80240
80240;Wolfurt;17177;Wolfurt;043462;Schloßgasse;6922;80240
80240;Wolfurt;17177;Wolfurt;043463;Schmerzenbildstraße;6922;80240
80240;Wolfurt;17177;Wolfurt;043464;Schnepfenweg;6922;80240
80240;Wolfurt;17177;Wolfurt;043465;Schreibern;6922;80240
80240;Wolfurt;17177;Wolfurt;043466;Schulstraße;6922;80240
80240;Wolfurt;17177;Wolfurt;043467;Schwertgasse;6922;80240
80240;Wolfurt;17177;Wolfurt;043468;Senderstraße;6922;80240
80240;Wolfurt;17177;Wolfurt;043469;Spetenlehergasse;6922;80240
80240;Wolfurt;17177;Wolfurt;043470;Sportplatzstraße;6922;80240
80240;Wolfurt;17177;Wolfurt;043471;St.-Antonius-Weg;6922;80240
80240;Wolfurt;17177;Wolfurt;043472;Stickergasse;6922;80240
80240;Wolfurt;17177;Wolfurt;043473;Tobelgasse;6922;80240
80240;Wolfurt;17177;Wolfurt;043474;Unterfeldstraße;6922;80240
80240;Wolfurt;17177;Wolfurt;043475;Unterhub;6922;80240
80240;Wolfurt;17177;Wolfurt;043476;Unterlinden;6922;80240
80240;Wolfurt;17177;Wolfurt;043477;Veilchengrund;6922;80240
80240;Wolfurt;17177;Wolfurt;043478;Wälderstraße;6922;80240
80240;Wolfurt;17177;Wolfurt;043479;Weiherstraße;6922;80240
80240;Wolfurt;17177;Wolfurt;043480;Wiesenweg;6922;80240
80240;Wolfurt;17177;Wolfurt;043481;Wingertgasse;6922;80240
80240;Wolfurt;17177;Wolfurt;043482;Wuhrweg;6922;80240
80240;Wolfurt;17177;Wolfurt;043483;Zieglerstraße;6922;80240
80240;Wolfurt;17177;Wolfurt;049223;Glockengasse;6922;80240
80240;Wolfurt;17177;Wolfurt;052606;Gartenstraße;6922;80240
80240;Wolfurt;17177;Wolfurt;052607;Hubertusweg;6922;80240
80240;Wolfurt;17177;Wolfurt;052608;Nußgasse;6922;80240
80240;Wolfurt;17177;Wolfurt;052609;Raiffeisenstraße;6922;80240
80240;Wolfurt;17177;Wolfurt;052957;Rüttigasse;6922;80240
80240;Wolfurt;17177;Wolfurt;052958;An der Fatt;6922;80240
80240;Wolfurt;17177;Wolfurt;065966;Bildsteiner Straße;6922;80240
80240;Wolfurt;17177;Wolfurt;065967;Untertellenmoos;6922;80240
80240;Wolfurt;17177;Wolfurt;065968;Weberstraße;6922;80240
80240;Wolfurt;17177;Wolfurt;065969;Pfeilgasse;6922;80240
80240;Wolfurt;17177;Wolfurt;065971;Fattweg;6922;80240
80240;Wolfurt;17177;Wolfurt;065972;Nelkenweg;6922;80240
80240;Wolfurt;17177;Wolfurt;065973;Rosenstraße;6922;80240
80240;Wolfurt;17177;Wolfurt;065974;Sporthallenstraße;6922;80240
80240;Wolfurt;17177;Wolfurt;067228;Sattlerweg;6922;80240
80240;Wolfurt;17177;Wolfurt;073686;Klöpplergasse;6922;80240
80240;Wolfurt;17177;Wolfurt;075158;Fliederweg;6922;80240
80240;Wolfurt;17177;Wolfurt;092212;Erlenstraße;6922;80240
80240;Wolfurt;17177;Wolfurt;094518;Sonnenstraße;6922;80240
80240;Wolfurt;17177;Wolfurt;097980;Wagnerstraße;6922;80240
80240;Wolfurt;17177;Wolfurt;102003;Winterweg;6922;80240
80240;Wolfurt;17177;Wolfurt;105304;Konrad-Doppelmayr-Straße;6922;80240
80240;Wolfurt;17177;Wolfurt;106633;Schmiedgasse;6922;80240
80240;Wolfurt;17177;Wolfurt;113281;Brückenweg;6922;80240
80240;Wolfurt;17177;Wolfurt;117440;Hafnerweg;6922;80240
80240;Wolfurt;17177;Wolfurt;121465;Kirschenweg;6922;80240
80240;Wolfurt;17177;Wolfurt;122237;Sternenplatz;6922;80240
80240;Wolfurt;17177;Wolfurt;123120;Baumgarten;6922;80240
80240;Wolfurt;17177;Wolfurt;124120;Riedweg;6922;80240
80240;Wolfurt;17177;Wolfurt;124121;Blütenweg;6922;80240
80301;Dornbirn;17178;Dornbirn;003086;Gansackerweg;6850;80301
80301;Dornbirn;17178;Dornbirn;003089;Tellenweg;6850;80301
80301;Dornbirn;17178;Dornbirn;007796;Bleichestraße;6850;80301
80301;Dornbirn;17178;Dornbirn;007806;Steinmühlenweg;6850;80301
80301;Dornbirn;17178;Dornbirn;007812;Waltherweg;6850;80301
80301;Dornbirn;17178;Dornbirn;008381;Hirtenweg;6850;80301
80301;Dornbirn;17178;Dornbirn;008390;Krokusweg;6850;80301
80301;Dornbirn;17178;Dornbirn;008400;Pfarrer-Gierer-Weg;6850;80301
80301;Dornbirn;17178;Dornbirn;008652;Unter der Eiche;6850;80301
80301;Dornbirn;17178;Dornbirn;014202;Robert-Schumann-Straße;6850;80301
80301;Dornbirn;17178;Dornbirn;014203;Albert-Lortzing-Straße;6850;80301
80301;Dornbirn;17178;Dornbirn;014204;Fliederweg;6850;80301
80301;Dornbirn;17178;Dornbirn;014205;Bartle-Zumtobel-Straße;6850;80301
80301;Dornbirn;17178;Dornbirn;014206;Sandgrund;6850;80301
80301;Dornbirn;17178;Dornbirn;014207;Jodok-Fink-Straße;6850;80301
80301;Dornbirn;17178;Dornbirn;014208;Matengaweg;6850;80301
80301;Dornbirn;17178;Dornbirn;014209;Finkenweg;6850;80301
80301;Dornbirn;17178;Dornbirn;014210;Froschweg;6850;80301
80301;Dornbirn;17178;Dornbirn;014211;Paracelsusweg;6850;80301
80301;Dornbirn;17178;Dornbirn;019579;Torfweg;6850;80301
80301;Dornbirn;17178;Dornbirn;043484;Abt-Pfanner-Weg;6850;80301
80301;Dornbirn;17178;Dornbirn;043485;Achmähder;6850;80301
80301;Dornbirn;17178;Dornbirn;043487;Achstraße;6850;80301
80301;Dornbirn;17178;Dornbirn;043488;Ackergasse;6850;80301
80301;Dornbirn;17178;Dornbirn;043490;Adlergasse;6850;80301
80301;Dornbirn;17178;Dornbirn;043491;Adolf-Rhomberg-Straße;6850;80301
80301;Dornbirn;17178;Dornbirn;043492;Altweg;6850;80301
80301;Dornbirn;17178;Dornbirn;043493;Am Achsteg;6850;80301
80301;Dornbirn;17178;Dornbirn;043494;Am Anger;6850;80301
80301;Dornbirn;17178;Dornbirn;043495;Am Bach;6850;80301
80301;Dornbirn;17178;Dornbirn;043496;Am Eisweiher;6850;80301
80301;Dornbirn;17178;Dornbirn;043497;Am Floßgraben;6850;80301
80301;Dornbirn;17178;Dornbirn;043498;Am Gerbergraben;6850;80301
80301;Dornbirn;17178;Dornbirn;043499;Am Karlesgraben;6850;80301
80301;Dornbirn;17178;Dornbirn;043500;Am Pfarrgrund;6850;80301
80301;Dornbirn;17178;Dornbirn;043501;Am Tugstein;6850;80301
80301;Dornbirn;17178;Dornbirn;043502;Am Wall;6850;80301
80301;Dornbirn;17178;Dornbirn;043503;Ammannsgraben;6850;80301
80301;Dornbirn;17178;Dornbirn;043505;Amselried;6850;80301
80301;Dornbirn;17178;Dornbirn;043506;Angelika-Kauffmann-Straße;6850;80301
80301;Dornbirn;17178;Dornbirn;043507;Annagasse;6850;80301
80301;Dornbirn;17178;Dornbirn;043508;Apfelgasse;6850;80301
80301;Dornbirn;17178;Dornbirn;043509;Arlbergstraße;6850;80301
80301;Dornbirn;17178;Dornbirn;043510;Arlenweg;6850;80301
80301;Dornbirn;17178;Dornbirn;043511;Armin-Diem-Gasse;6850;80301
80301;Dornbirn;17178;Dornbirn;043512;Auerweg;6850;80301
80301;Dornbirn;17178;Dornbirn;043513;Augartenweg;6850;80301
80301;Dornbirn;17178;Dornbirn;043514;Auweg;6850;80301
80301;Dornbirn;17178;Dornbirn;043515;Bachgasse;6850;80301
80301;Dornbirn;17178;Dornbirn;043516;Bachmähdle;6850;80301
80301;Dornbirn;17178;Dornbirn;043517;Bachried;6850;80301
80301;Dornbirn;17178;Dornbirn;043518;Badgasse;6850;80301
80301;Dornbirn;17178;Dornbirn;043520;Bäumlegasse;6850;80301
80301;Dornbirn;17178;Dornbirn;043521;Bahngasse;6850;80301
80301;Dornbirn;17178;Dornbirn;043522;Bahnhofstraße;6850;80301
80301;Dornbirn;17178;Dornbirn;043524;Batloggstraße;6850;80301
80301;Dornbirn;17178;Dornbirn;043525;Baumgarten;6850;80301
80301;Dornbirn;17178;Dornbirn;043526;Beckenhag;6850;80301
80301;Dornbirn;17178;Dornbirn;043528;Bergmannstraße;6850;80301
80301;Dornbirn;17178;Dornbirn;043529;Bergstraße;6850;80301
80301;Dornbirn;17178;Dornbirn;043530;Bickweg;6850;80301
80301;Dornbirn;17178;Dornbirn;043531;Bienengasse;6850;80301
80301;Dornbirn;17178;Dornbirn;043532;Bildgasse;6850;80301
80301;Dornbirn;17178;Dornbirn;043533;Binsenfeld;6850;80301
80301;Dornbirn;17178;Dornbirn;043534;Birkenwiese;6850;80301
80301;Dornbirn;17178;Dornbirn;043535;Birngasse;6850;80301
80301;Dornbirn;17178;Dornbirn;043536;Blumenegg;6850;80301
80301;Dornbirn;17178;Dornbirn;043537;Bobletten;6850;80301
80301;Dornbirn;17178;Dornbirn;043538;Bockackerstraße;6850;80301
80301;Dornbirn;17178;Dornbirn;043540;Bödelestraße;6850;80301
80301;Dornbirn;17178;Dornbirn;043542;Bogengasse;6850;80301
80301;Dornbirn;17178;Dornbirn;043543;Bohnenmahdstraße;6850;80301
80301;Dornbirn;17178;Dornbirn;043544;Bongat;6850;80301
80301;Dornbirn;17178;Dornbirn;043545;Brahmsgasse;6850;80301
80301;Dornbirn;17178;Dornbirn;043546;Bremenmahd;6850;80301
80301;Dornbirn;17178;Dornbirn;043547;Brucknerstraße;6850;80301
80301;Dornbirn;17178;Dornbirn;043548;Brückengasse;6850;80301
80301;Dornbirn;17178;Dornbirn;043549;Brunnengasse;6850;80301
80301;Dornbirn;17178;Dornbirn;043550;Bündtlittenstraße;6850;80301
80301;Dornbirn;17178;Dornbirn;043551;Bürgle;6850;80301
80301;Dornbirn;17178;Dornbirn;043552;Bürglegasse;6850;80301
80301;Dornbirn;17178;Dornbirn;043554;Dammstraße;6850;80301
80301;Dornbirn;17178;Dornbirn;043555;Defreggerstraße;6850;80301
80301;Dornbirn;17178;Dornbirn;043556;Dornachgasse;6850;80301
80301;Dornbirn;17178;Dornbirn;043557;Dr.-Anton-Schneider-Straße;6850;80301
80301;Dornbirn;17178;Dornbirn;043558;Dr.-Franz-Häfele-Straße;6850;80301
80301;Dornbirn;17178;Dornbirn;043559;Dr.-Ölz-Straße;6850;80301
80301;Dornbirn;17178;Dornbirn;043560;Dr.-Schmidt-Straße;6850;80301
80301;Dornbirn;17178;Dornbirn;043561;Dr.-Waibel-Straße;6850;80301
80301;Dornbirn;17178;Dornbirn;043564;Edlach;6850;80301
80301;Dornbirn;17178;Dornbirn;043565;Egeten;6850;80301
80301;Dornbirn;17178;Dornbirn;043566;Eichbrunnen;6850;80301
80301;Dornbirn;17178;Dornbirn;043567;Eigenheim;6850;80301
80301;Dornbirn;17178;Dornbirn;043568;Eisenbahnlinie;6850;80301
80301;Dornbirn;17178;Dornbirn;043569;Eisengasse;6850;80301
80301;Dornbirn;17178;Dornbirn;043570;Eisenhammerstraße;6850;80301
80301;Dornbirn;17178;Dornbirn;043572;Eisplatzgasse;6850;80301
80301;Dornbirn;17178;Dornbirn;043573;Erlgrund;6850;80301
80301;Dornbirn;17178;Dornbirn;043574;Erlosenstraße;6850;80301
80301;Dornbirn;17178;Dornbirn;043575;Eschbühel;6850;80301
80301;Dornbirn;17178;Dornbirn;043577;Eulental;6850;80301
80301;Dornbirn;17178;Dornbirn;043578;Färbergasse;6850;80301
80301;Dornbirn;17178;Dornbirn;043579;Fahnacker;6850;80301
80301;Dornbirn;17178;Dornbirn;043580;Fallbachweg;6850;80301
80301;Dornbirn;17178;Dornbirn;043581;Fallenberggasse;6850;80301
80301;Dornbirn;17178;Dornbirn;043582;Fallengraben;6850;80301
80301;Dornbirn;17178;Dornbirn;043583;Fang;6850;80301
80301;Dornbirn;17178;Dornbirn;043584;Fasanenweg;6850;80301
80301;Dornbirn;17178;Dornbirn;043585;Feldgasse;6850;80301
80301;Dornbirn;17178;Dornbirn;043586;Feldgraben;6850;80301
80301;Dornbirn;17178;Dornbirn;043587;Fischbachgasse;6850;80301
80301;Dornbirn;17178;Dornbirn;043588;Fischbachgrund;6850;80301
80301;Dornbirn;17178;Dornbirn;043590;Flurgasse;6850;80301
80301;Dornbirn;17178;Dornbirn;043591;Föhrenweg;6850;80301
80301;Dornbirn;17178;Dornbirn;043592;Förstergasse;6850;80301
80301;Dornbirn;17178;Dornbirn;043593;Foracheck;6850;80301
80301;Dornbirn;17178;Dornbirn;043594;Forachstraße;6850;80301
80301;Dornbirn;17178;Dornbirn;043595;Frauenfeld;6850;80301
80301;Dornbirn;17178;Dornbirn;043596;Frühlingstraße;6850;80301
80301;Dornbirn;17178;Dornbirn;043597;Franz-Michael-Felder-Straße;6850;80301
80301;Dornbirn;17178;Dornbirn;043599;Gabelsbergerstraße;6850;80301
80301;Dornbirn;17178;Dornbirn;043600;Gechelbachgasse;6850;80301
80301;Dornbirn;17178;Dornbirn;043602;Gehrweg;6850;80301
80301;Dornbirn;17178;Dornbirn;043603;Gerbergasse;6850;80301
80301;Dornbirn;17178;Dornbirn;043604;Gilmstraße;6850;80301
80301;Dornbirn;17178;Dornbirn;043606;Goethestraße;6850;80301
80301;Dornbirn;17178;Dornbirn;043607;Grabenweg;6850;80301
80301;Dornbirn;17178;Dornbirn;043608;Grändelweg;6850;80301
80301;Dornbirn;17178;Dornbirn;043609;Grillenweg;6850;80301
80301;Dornbirn;17178;Dornbirn;043610;Grünanger;6850;80301
80301;Dornbirn;17178;Dornbirn;043611;Grünau;6850;80301
80301;Dornbirn;17178;Dornbirn;043612;Grundegg;6850;80301
80301;Dornbirn;17178;Dornbirn;043614;Gütlestraße;6850;80301
80301;Dornbirn;17178;Dornbirn;043615;Gutenbergstraße;6850;80301
80301;Dornbirn;17178;Dornbirn;043616;Häfenberg;6850;80301
80301;Dornbirn;17178;Dornbirn;043617;Hägleweg;6850;80301
80301;Dornbirn;17178;Dornbirn;043618;Hählingen;6850;80301
80301;Dornbirn;17178;Dornbirn;043619;Hämmerlestraße;6850;80301
80301;Dornbirn;17178;Dornbirn;043620;Härte;6850;80301
80301;Dornbirn;17178;Dornbirn;043621;Hafnergasse;6850;80301
80301;Dornbirn;17178;Dornbirn;043623;Haldengasse;6850;80301
80301;Dornbirn;17178;Dornbirn;043624;Hamerlingstraße;6850;80301
80301;Dornbirn;17178;Dornbirn;043625;Hanggasse;6850;80301
80301;Dornbirn;17178;Dornbirn;043626;Hardacker;6850;80301
80301;Dornbirn;17178;Dornbirn;043627;Haselstauderstraße;6850;80301
80301;Dornbirn;17178;Dornbirn;043628;Hasenreutingen;6850;80301
80301;Dornbirn;17178;Dornbirn;043629;Haslach;6850;80301
80301;Dornbirn;17178;Dornbirn;043630;Haslachgasse;6850;80301
80301;Dornbirn;17178;Dornbirn;043631;Hatlerstraße;6850;80301
80301;Dornbirn;17178;Dornbirn;043635;Heimgarten;6850;80301
80301;Dornbirn;17178;Dornbirn;043636;Heimried;6850;80301
80301;Dornbirn;17178;Dornbirn;043637;Heinzenbeer;6850;80301
80301;Dornbirn;17178;Dornbirn;043638;Hintere Achmühlerstraße;6850;80301
80301;Dornbirn;17178;Dornbirn;043639;Hinterforach;6850;80301
80301;Dornbirn;17178;Dornbirn;043640;Höchsterstraße;6850;80301
80301;Dornbirn;17178;Dornbirn;043643;Hornegg;6850;80301
80301;Dornbirn;17178;Dornbirn;043644;Im Äuele;6850;80301
80301;Dornbirn;17178;Dornbirn;043645;Im Böckler;6850;80301
80301;Dornbirn;17178;Dornbirn;043646;Im Dreiangel;6850;80301
80301;Dornbirn;17178;Dornbirn;043647;Im Forach;6850;80301
80301;Dornbirn;17178;Dornbirn;043648;Im Grund;6850;80301
80301;Dornbirn;17178;Dornbirn;043649;Im Gsieg;6850;80301
80301;Dornbirn;17178;Dornbirn;043650;Im Hag;6850;80301
80301;Dornbirn;17178;Dornbirn;043651;Im Horn;6850;80301
80301;Dornbirn;17178;Dornbirn;043652;Im Lus;6850;80301
80301;Dornbirn;17178;Dornbirn;043653;Im Nest;6850;80301
80301;Dornbirn;17178;Dornbirn;043654;Im Porst;6850;80301
80301;Dornbirn;17178;Dornbirn;043655;Im Schattau;6850;80301
80301;Dornbirn;17178;Dornbirn;043656;Im Stampf;6850;80301
80301;Dornbirn;17178;Dornbirn;043657;Im Steinat;6850;80301
80301;Dornbirn;17178;Dornbirn;043658;Im Winkel;6850;80301
80301;Dornbirn;17178;Dornbirn;043659;In der Enz;6850;80301
80301;Dornbirn;17178;Dornbirn;043660;In Fängen;6850;80301
80301;Dornbirn;17178;Dornbirn;043661;In Reben;6850;80301
80301;Dornbirn;17178;Dornbirn;043662;In Rossa;6850;80301
80301;Dornbirn;17178;Dornbirn;043663;In Steinen;6850;80301
80301;Dornbirn;17178;Dornbirn;043664;Josef-Anton-Herrburger-Straße;6850;80301
80301;Dornbirn;17178;Dornbirn;043665;Johann-Georg-Ulmer-Straße;6850;80301
80301;Dornbirn;17178;Dornbirn;043666;Jahngasse;6850;80301
80301;Dornbirn;17178;Dornbirn;043667;Jakob-von-Embs-Straße;6850;80301
80301;Dornbirn;17178;Dornbirn;043669;Jodok-Stülz-Weg;6850;80301
80301;Dornbirn;17178;Dornbirn;043670;Johann-Kaspar-Rick-Straße;6850;80301
80301;Dornbirn;17178;Dornbirn;043671;Johann-Strauß-Gasse;6850;80301
80301;Dornbirn;17178;Dornbirn;043672;Josef-Haydn-Weg;6850;80301
80301;Dornbirn;17178;Dornbirn;043673;Junkerngasse;6850;80301
80301;Dornbirn;17178;Dornbirn;043675;Kanalgasse;6850;80301
80301;Dornbirn;17178;Dornbirn;043676;Kapellengasse;6850;80301
80301;Dornbirn;17178;Dornbirn;043677;Kapuzinergasse;6850;80301
80301;Dornbirn;17178;Dornbirn;043679;Kaspar-Hagen-Straße;6850;80301
80301;Dornbirn;17178;Dornbirn;043680;Kastenlangen;6850;80301
80301;Dornbirn;17178;Dornbirn;043681;Kaufmännen;6850;80301
80301;Dornbirn;17178;Dornbirn;043683;Kehlerau;6850;80301
80301;Dornbirn;17178;Dornbirn;043684;Kehlermähder;6850;80301
80301;Dornbirn;17178;Dornbirn;043685;Kehlerstraße;6850;80301
80301;Dornbirn;17178;Dornbirn;043686;Kehlerweid;6850;80301
80301;Dornbirn;17178;Dornbirn;043687;Kehlhofstraße;6850;80301
80301;Dornbirn;17178;Dornbirn;043688;Kellenbühel;6850;80301
80301;Dornbirn;17178;Dornbirn;043689;Keplergasse;6850;80301
80301;Dornbirn;17178;Dornbirn;043690;Kernstockstraße;6850;80301
80301;Dornbirn;17178;Dornbirn;043691;Kirchgasse;6850;80301
80301;Dornbirn;17178;Dornbirn;043692;Klaudiastraße;6850;80301
80301;Dornbirn;17178;Dornbirn;043693;Klosafang;6850;80301
80301;Dornbirn;17178;Dornbirn;043694;Klostergasse;6850;80301
80301;Dornbirn;17178;Dornbirn;043695;Klotzacker;6850;80301
80301;Dornbirn;17178;Dornbirn;043697;Kneippstraße;6850;80301
80301;Dornbirn;17178;Dornbirn;043700;Kolbendorf;6850;80301
80301;Dornbirn;17178;Dornbirn;043701;Kornfeld;6850;80301
80301;Dornbirn;17178;Dornbirn;043702;Kressgraben;6850;80301
80301;Dornbirn;17178;Dornbirn;043704;Kreuzgasse;6850;80301
80301;Dornbirn;17178;Dornbirn;043705;Küferbachgasse;6850;80301
80301;Dornbirn;17178;Dornbirn;043707;Kurzegasse;6850;80301
80301;Dornbirn;17178;Dornbirn;043708;Lachenmahd;6850;80301
80301;Dornbirn;17178;Dornbirn;043709;Lange Mähder;6850;80301
80301;Dornbirn;17178;Dornbirn;043710;Langegasse;6850;80301
80301;Dornbirn;17178;Dornbirn;043712;Lannerstraße;6850;80301
80301;Dornbirn;17178;Dornbirn;043713;Lehargasse;6850;80301
80301;Dornbirn;17178;Dornbirn;043714;Leopoldstraße;6850;80301
80301;Dornbirn;17178;Dornbirn;043715;Lerchenfeld;6850;80301
80301;Dornbirn;17178;Dornbirn;043716;Littengasse;6850;80301
80301;Dornbirn;17178;Dornbirn;043717;Lustenauerstraße;6850;80301
80301;Dornbirn;17178;Dornbirn;043718;Mähdergasse;6850;80301
80301;Dornbirn;17178;Dornbirn;043719;Mähdlegasse;6850;80301
80301;Dornbirn;17178;Dornbirn;043720;Magazingasse;6850;80301
80301;Dornbirn;17178;Dornbirn;043721;Marienweg;6850;80301
80301;Dornbirn;17178;Dornbirn;043722;Marktplatz;6850;80301
80301;Dornbirn;17178;Dornbirn;043723;Marktstraße;6850;80301
80301;Dornbirn;17178;Dornbirn;043724;Martinsruh;6850;80301
80301;Dornbirn;17178;Dornbirn;043725;Meierhofweg;6850;80301
80301;Dornbirn;17178;Dornbirn;043726;Messestraße;6850;80301
80301;Dornbirn;17178;Dornbirn;043727;Michelstraße;6850;80301
80301;Dornbirn;17178;Dornbirn;043728;Millöckergasse;6850;80301
80301;Dornbirn;17178;Dornbirn;043729;Mittebergere;6850;80301
80301;Dornbirn;17178;Dornbirn;043730;Mittebrunnen;6850;80301
80301;Dornbirn;17178;Dornbirn;043731;Mitteldorfgasse;6850;80301
80301;Dornbirn;17178;Dornbirn;043732;Mittelfeldstraße;6850;80301
80301;Dornbirn;17178;Dornbirn;043733;Mittelforach;6850;80301
80301;Dornbirn;17178;Dornbirn;043734;Möckle;6850;80301
80301;Dornbirn;17178;Dornbirn;043736;Montfortstraße;6850;80301
80301;Dornbirn;17178;Dornbirn;043737;Moosmahdstraße;6850;80301
80301;Dornbirn;17178;Dornbirn;043738;Moosweg;6850;80301
80301;Dornbirn;17178;Dornbirn;043739;Mozartstraße;6850;80301
80301;Dornbirn;17178;Dornbirn;043740;Mühlebacherstraße;6850;80301
80301;Dornbirn;17178;Dornbirn;043741;Mühlegasse;6850;80301
80301;Dornbirn;17178;Dornbirn;043742;Müllerstraße;6850;80301
80301;Dornbirn;17178;Dornbirn;043743;Nachbauerstraße;6850;80301
80301;Dornbirn;17178;Dornbirn;043744;Nägelesgarten;6850;80301
80301;Dornbirn;17178;Dornbirn;043745;Negrellistraße;6850;80301
80301;Dornbirn;17178;Dornbirn;043746;Nesselweg;6850;80301
80301;Dornbirn;17178;Dornbirn;043747;Neugasse;6850;80301
80301;Dornbirn;17178;Dornbirn;043748;Neugrüt;6850;80301
80301;Dornbirn;17178;Dornbirn;043749;Neumahd;6850;80301
80301;Dornbirn;17178;Dornbirn;043750;Nibelungenstraße;6850;80301
80301;Dornbirn;17178;Dornbirn;043751;Niederbahn;6850;80301
80301;Dornbirn;17178;Dornbirn;043752;Nummerngasse;6850;80301
80301;Dornbirn;17178;Dornbirn;043753;Ob der Bahn;6850;80301
80301;Dornbirn;17178;Dornbirn;043754;Obere Fischbachgasse;6850;80301
80301;Dornbirn;17178;Dornbirn;043755;Oberdorferstraße;6850;80301
80301;Dornbirn;17178;Dornbirn;043756;Obere Härte;6850;80301
80301;Dornbirn;17178;Dornbirn;043757;Obere Schoren;6850;80301
80301;Dornbirn;17178;Dornbirn;043758;Oberer Gleggenweg;6850;80301
80301;Dornbirn;17178;Dornbirn;043759;Oberer Kirchweg;6850;80301
80301;Dornbirn;17178;Dornbirn;043761;Oberried;6850;80301
80301;Dornbirn;17178;Dornbirn;043763;Pater-Wehinger-Gasse;6850;80301
80301;Dornbirn;17178;Dornbirn;043764;Pfarrer-Moosbrugger-Straße;6850;80301
80301;Dornbirn;17178;Dornbirn;043765;Pfarrgasse;6850;80301
80301;Dornbirn;17178;Dornbirn;043766;Pfeller;6850;80301
80301;Dornbirn;17178;Dornbirn;043767;Pfellerau;6850;80301
80301;Dornbirn;17178;Dornbirn;043768;Pongartgasse;6850;80301
80301;Dornbirn;17178;Dornbirn;043769;Porstgrund;6850;80301
80301;Dornbirn;17178;Dornbirn;043770;Porstmahd;6850;80301
80301;Dornbirn;17178;Dornbirn;043771;Prälat-Drexel-Straße;6850;80301
80301;Dornbirn;17178;Dornbirn;043772;Primelweg;6850;80301
80301;Dornbirn;17178;Dornbirn;043773;Quellengasse;6850;80301
80301;Dornbirn;17178;Dornbirn;043774;Radetzkystraße;6850;80301
80301;Dornbirn;17178;Dornbirn;043776;Raiffeisenstraße;6850;80301
80301;Dornbirn;17178;Dornbirn;043777;Raimundweg;6850;80301
80301;Dornbirn;17178;Dornbirn;043778;Rathausplatz;6850;80301
80301;Dornbirn;17178;Dornbirn;043779;Rautenweg;6850;80301
80301;Dornbirn;17178;Dornbirn;043780;Realschulstraße;6850;80301
80301;Dornbirn;17178;Dornbirn;043781;Rebstockweg;6850;80301
80301;Dornbirn;17178;Dornbirn;043782;Resselgasse;6850;80301
80301;Dornbirn;17178;Dornbirn;043783;Reuteweg;6850;80301
80301;Dornbirn;17178;Dornbirn;043785;Riedgasse;6850;80301
80301;Dornbirn;17178;Dornbirn;043786;Riedweg;6850;80301
80301;Dornbirn;17178;Dornbirn;043787;Riedweiler;6850;80301
80301;Dornbirn;17178;Dornbirn;043788;Rilkeweg;6850;80301
80301;Dornbirn;17178;Dornbirn;043789;Rochusweg;6850;80301
80301;Dornbirn;17178;Dornbirn;043790;Rohrbach;6850;80301
80301;Dornbirn;17178;Dornbirn;043791;Rohrbachau;6850;80301
80301;Dornbirn;17178;Dornbirn;043792;Rohrbachsiedlung;6850;80301
80301;Dornbirn;17178;Dornbirn;043793;Rohrmahd;6850;80301
80301;Dornbirn;17178;Dornbirn;043794;Rohrmoos;6850;80301
80301;Dornbirn;17178;Dornbirn;043796;Roseggerstraße;6850;80301
80301;Dornbirn;17178;Dornbirn;043797;Rosenstraße;6850;80301
80301;Dornbirn;17178;Dornbirn;043798;Roßhimmel;6850;80301
80301;Dornbirn;17178;Dornbirn;043799;Roßmähder;6850;80301
80301;Dornbirn;17178;Dornbirn;043801;Rotfarbgasse;6850;80301
80301;Dornbirn;17178;Dornbirn;043802;Rüttenersch;6850;80301
80301;Dornbirn;17178;Dornbirn;043804;Russenweg;6850;80301
80301;Dornbirn;17178;Dornbirn;043805;Sägerstraße;6850;80301
80301;Dornbirn;17178;Dornbirn;043806;Sala;6850;80301
80301;Dornbirn;17178;Dornbirn;043807;Salurnergasse;6850;80301
80301;Dornbirn;17178;Dornbirn;043809;Sandgasse;6850;80301
80301;Dornbirn;17178;Dornbirn;043810;Sandquelle;6850;80301
80301;Dornbirn;17178;Dornbirn;043812;Scheffelgasse;6850;80301
80301;Dornbirn;17178;Dornbirn;043813;Schillerstraße;6850;80301
80301;Dornbirn;17178;Dornbirn;043814;Schlachthausstraße;6850;80301
80301;Dornbirn;17178;Dornbirn;043815;Schloßgasse;6850;80301
80301;Dornbirn;17178;Dornbirn;043816;Schmalenegg;6850;80301
80301;Dornbirn;17178;Dornbirn;043817;Schmelzhütterstraße;6850;80301
80301;Dornbirn;17178;Dornbirn;043818;Schoren;6850;80301
80301;Dornbirn;17178;Dornbirn;043819;Schorenquelle;6850;80301
80301;Dornbirn;17178;Dornbirn;043820;Schrammelgasse;6850;80301
80301;Dornbirn;17178;Dornbirn;043821;Schubertstraße;6850;80301
80301;Dornbirn;17178;Dornbirn;043822;Schützenstraße;6850;80301
80301;Dornbirn;17178;Dornbirn;043823;Schulgasse;6850;80301
80301;Dornbirn;17178;Dornbirn;043824;Schustergasse;6850;80301
80301;Dornbirn;17178;Dornbirn;043825;Schwalbenweg;6850;80301
80301;Dornbirn;17178;Dornbirn;043826;Schwefel;6850;80301
80301;Dornbirn;17178;Dornbirn;043827;Schwefelmahd;6850;80301
80301;Dornbirn;17178;Dornbirn;043828;Schweizerstraße;6850;80301
80301;Dornbirn;17178;Dornbirn;043831;Sebastianstraße;6850;80301
80301;Dornbirn;17178;Dornbirn;043832;Sigbergstraße;6850;80301
80301;Dornbirn;17178;Dornbirn;043833;Sonnengasse;6850;80301
80301;Dornbirn;17178;Dornbirn;043834;Sonnhalde;6850;80301
80301;Dornbirn;17178;Dornbirn;043836;Spinnergasse;6850;80301
80301;Dornbirn;17178;Dornbirn;043837;St.-Christoph-Straße;6850;80301
80301;Dornbirn;17178;Dornbirn;043838;St.-Martin-Straße;6850;80301
80301;Dornbirn;17178;Dornbirn;043839;Staudenweg;6850;80301
80301;Dornbirn;17178;Dornbirn;043840;Staufenegg;6850;80301
80301;Dornbirn;17178;Dornbirn;043842;Steggasse;6850;80301
80301;Dornbirn;17178;Dornbirn;043843;Steinacker;6850;80301
80301;Dornbirn;17178;Dornbirn;043844;Steinebach;6850;80301
80301;Dornbirn;17178;Dornbirn;043845;Steingasse;6850;80301
80301;Dornbirn;17178;Dornbirn;043846;Stiftergasse;6850;80301
80301;Dornbirn;17178;Dornbirn;043847;Stiglingen;6850;80301
80301;Dornbirn;17178;Dornbirn;043848;Stockach;6850;80301
80301;Dornbirn;17178;Dornbirn;043849;Stöckenstraße;6850;80301
80301;Dornbirn;17178;Dornbirn;043850;Stüben;6850;80301
80301;Dornbirn;17178;Dornbirn;043852;Tegetthoffstraße;6850;80301
80301;Dornbirn;17178;Dornbirn;043853;Thomas-Rhomberg-Straße;6850;80301
80301;Dornbirn;17178;Dornbirn;043854;Thomasbündt;6850;80301
80301;Dornbirn;17178;Dornbirn;043856;Tobelgasse;6850;80301
80301;Dornbirn;17178;Dornbirn;043857;Tone-Rüf-Weg;6850;80301
80301;Dornbirn;17178;Dornbirn;043858;Torrogasse;6850;80301
80301;Dornbirn;17178;Dornbirn;043860;Unter der Bahn;6850;80301
80301;Dornbirn;17178;Dornbirn;043861;Unter der Halde;6850;80301
80301;Dornbirn;17178;Dornbirn;043862;Unter der Mühle;6850;80301
80301;Dornbirn;17178;Dornbirn;043863;Untere Roßmähder;6850;80301
80301;Dornbirn;17178;Dornbirn;043864;Unterer Kirchweg;6850;80301
80301;Dornbirn;17178;Dornbirn;043865;Unterer Porst;6850;80301
80301;Dornbirn;17178;Dornbirn;043866;Unterfallenberg;6850;80301
80301;Dornbirn;17178;Dornbirn;043867;Unterfeld;6850;80301
80301;Dornbirn;17178;Dornbirn;043869;Viehmarktstraße;6850;80301
80301;Dornbirn;17178;Dornbirn;043870;Vogelweidergasse;6850;80301
80301;Dornbirn;17178;Dornbirn;043871;Volkergasse;6850;80301
80301;Dornbirn;17178;Dornbirn;043872;Vordere Achmühlerstraße;6850;80301
80301;Dornbirn;17178;Dornbirn;043873;Wälderstraße;6850;80301
80301;Dornbirn;17178;Dornbirn;043874;Wallenmahd;6850;80301
80301;Dornbirn;17178;Dornbirn;043875;Wapprugg;6850;80301
80301;Dornbirn;17178;Dornbirn;043877;Webergasse;6850;80301
80301;Dornbirn;17178;Dornbirn;043878;Webersmahd;6850;80301
80301;Dornbirn;17178;Dornbirn;043879;Weihermähder;6850;80301
80301;Dornbirn;17178;Dornbirn;043880;Weißachergasse;6850;80301
80301;Dornbirn;17178;Dornbirn;043881;Weizeneggerstraße;6850;80301
80301;Dornbirn;17178;Dornbirn;043882;Welloch;6850;80301
80301;Dornbirn;17178;Dornbirn;043883;Welpesgarten;6850;80301
80301;Dornbirn;17178;Dornbirn;043884;Weppach;6850;80301
80301;Dornbirn;17178;Dornbirn;043885;Wichnerstraße;6850;80301
80301;Dornbirn;17178;Dornbirn;043886;Widagasse;6850;80301
80301;Dornbirn;17178;Dornbirn;043887;Wieden;6850;80301
80301;Dornbirn;17178;Dornbirn;043888;Wiesenrain;6850;80301
80301;Dornbirn;17178;Dornbirn;043889;Wiesenstraße;6850;80301
80301;Dornbirn;17178;Dornbirn;043890;Wingatstraße;6850;80301
80301;Dornbirn;17178;Dornbirn;043891;Winkelgasse;6850;80301
80301;Dornbirn;17178;Dornbirn;043893;Wölfleweg;6850;80301
80301;Dornbirn;17178;Dornbirn;043894;Zanzenberg;6850;80301
80301;Dornbirn;17178;Dornbirn;043895;Zanzenberggasse;6850;80301
80301;Dornbirn;17178;Dornbirn;043896;Zellerweg;6850;80301
80301;Dornbirn;17178;Dornbirn;043897;Zieglergasse;6850;80301
80301;Dornbirn;17178;Dornbirn;043898;Ziehrerweg;6850;80301
80301;Dornbirn;17178;Dornbirn;043899;Zollgasse;6850;80301
80301;Dornbirn;17178;Dornbirn;044643;Karren;6850;80301
80301;Dornbirn;17178;Dornbirn;045187;Kühberg;6850;80301
80301;Dornbirn;17178;Dornbirn;046524;Grillparzerstraße;6850;80301
80301;Dornbirn;17178;Dornbirn;052518;Josef-Ganahl-Straße;6850;80301
80301;Dornbirn;17178;Dornbirn;052553;Rudach;6850;80301
80301;Dornbirn;17178;Dornbirn;052621;Am Müllerbach;6850;80301
80301;Dornbirn;17178;Dornbirn;052622;Amtmahd;6850;80301
80301;Dornbirn;17178;Dornbirn;052623;Leo-Fall-Gasse;6850;80301
80301;Dornbirn;17178;Dornbirn;052625;Robert-Stolz-Gasse;6850;80301
80301;Dornbirn;17178;Dornbirn;052626;Siegfried-Fußenegger-Straße;6850;80301
80301;Dornbirn;17178;Dornbirn;052627;Simonsgraben;6850;80301
80301;Dornbirn;17178;Dornbirn;053357;Böngern;6850;80301
80301;Dornbirn;17178;Dornbirn;053358;Romberg;6850;80301
80301;Dornbirn;17178;Dornbirn;053359;Staufenhof;6850;80301
80301;Dornbirn;17178;Dornbirn;053360;Tugstein;6850;80301
80301;Dornbirn;17178;Dornbirn;053361;Ammenegg;6850;80301
80301;Dornbirn;17178;Dornbirn;053362;Bantling;6850;80301
80301;Dornbirn;17178;Dornbirn;053363;Heilenberg;6850;80301
80301;Dornbirn;17178;Dornbirn;053364;Klotzen;6850;80301
80301;Dornbirn;17178;Dornbirn;053365;Langwies;6850;80301
80301;Dornbirn;17178;Dornbirn;053366;Oberfallenberg;6850;80301
80301;Dornbirn;17178;Dornbirn;053367;Palmern;6850;80301
80301;Dornbirn;17178;Dornbirn;053368;Rickatschwende;6850;80301
80301;Dornbirn;17178;Dornbirn;053369;Schauner;6850;80301
80301;Dornbirn;17178;Dornbirn;053371;Schwendebach;6850;80301
80301;Dornbirn;17178;Dornbirn;053372;Schwendebühel;6850;80301
80301;Dornbirn;17178;Dornbirn;053373;Tobler Viehweide;6850;80301
80301;Dornbirn;17178;Dornbirn;053374;Unterries;6850;80301
80301;Dornbirn;17178;Dornbirn;053375;Watzenegg;6850;80301
80301;Dornbirn;17178;Dornbirn;053385;Badhof;6850;80301
80301;Dornbirn;17178;Dornbirn;053386;Eisenharz;6850;80301
80301;Dornbirn;17178;Dornbirn;053387;Haidach;6850;80301
80301;Dornbirn;17178;Dornbirn;053388;Kehlegg;6850;80301
80301;Dornbirn;17178;Dornbirn;053389;Beckenmann;6850;80301
80301;Dornbirn;17178;Dornbirn;053390;Boden;6850;80301
80301;Dornbirn;17178;Dornbirn;053391;Eschenau;6850;80301
80301;Dornbirn;17178;Dornbirn;053392;Fußenegg;6850;80301
80301;Dornbirn;17178;Dornbirn;053393;Gütle;6850;80301
80301;Dornbirn;17178;Dornbirn;053394;Rüttenen;6850;80301
80301;Dornbirn;17178;Dornbirn;053395;Salzmann;6850;80301
80301;Dornbirn;17178;Dornbirn;053396;Achrain;6850;80301
80301;Dornbirn;17178;Dornbirn;053397;Adelsgehr;6850;80301
80301;Dornbirn;17178;Dornbirn;053398;Burg;6850;80301
80301;Dornbirn;17178;Dornbirn;053399;Fluh;6850;80301
80301;Dornbirn;17178;Dornbirn;053400;Hauat;6850;80301
80301;Dornbirn;17178;Dornbirn;053401;Heilgereuthe;6850;80301
80301;Dornbirn;17178;Dornbirn;053402;Hof;6850;80301
80301;Dornbirn;17178;Dornbirn;053403;Hohlen;6850;80301
80301;Dornbirn;17178;Dornbirn;053404;Jennen;6850;80301
80301;Dornbirn;17178;Dornbirn;053405;Kalben;6850;80301
80301;Dornbirn;17178;Dornbirn;053406;Knie;6850;80301
80301;Dornbirn;17178;Dornbirn;053407;Kreuzen;6850;80301
80301;Dornbirn;17178;Dornbirn;053408;Rädermacher;6850;80301
80301;Dornbirn;17178;Dornbirn;053409;Ruschen;6850;80301
80301;Dornbirn;17178;Dornbirn;053410;Tobel;6850;80301
80301;Dornbirn;17178;Dornbirn;053411;Winsau;6850;80301
80301;Dornbirn;17178;Dornbirn;056021;Ebensand;6850;80301
80301;Dornbirn;17178;Dornbirn;056022;Ebnit;6850;80301
80301;Dornbirn;17178;Dornbirn;056023;Heumöser;6850;80301
80301;Dornbirn;17178;Dornbirn;056024;Fohramoos;6850;80301
80301;Dornbirn;17178;Dornbirn;056886;Bruggenweg;6850;80301
80301;Dornbirn;17178;Dornbirn;057959;Wuhrmeisterstraße;6850;80301
80301;Dornbirn;17178;Dornbirn;065076;Habichtweg;6850;80301
80301;Dornbirn;17178;Dornbirn;065077;Alte Erlosenstraße;6850;80301
80301;Dornbirn;17178;Dornbirn;065078;Untere Messestraße;6850;80301
80301;Dornbirn;17178;Dornbirn;065079;Lange Äcker;6850;80301
80301;Dornbirn;17178;Dornbirn;065080;Pestalozziweg;6850;80301
80301;Dornbirn;17178;Dornbirn;066795;Kiesquellenweg;6850;80301
80301;Dornbirn;17178;Dornbirn;066796;Vesenweg;6850;80301
80301;Dornbirn;17178;Dornbirn;066797;Törggenweg;6850;80301
80301;Dornbirn;17178;Dornbirn;066798;Dinkelweg;6850;80301
80301;Dornbirn;17178;Dornbirn;066799;Haferweg;6850;80301
80301;Dornbirn;17178;Dornbirn;066800;Dritteläckerweg;6850;80301
80301;Dornbirn;17178;Dornbirn;066801;Riedbrunnenstraße;6850;80301
80301;Dornbirn;17178;Dornbirn;066802;Waldmüllerstraße;6850;80301
80301;Dornbirn;17178;Dornbirn;067420;Ludwig-Kofler-Straße;6850;80301
80301;Dornbirn;17178;Dornbirn;067421;Eichenweg;6850;80301
80301;Dornbirn;17178;Dornbirn;067426;Schlössleweg;6850;80301
80301;Dornbirn;17178;Dornbirn;067427;Kurzen Langen;6850;80301
80301;Dornbirn;17178;Dornbirn;067433;Hochälpele;6850;80301
80301;Dornbirn;17178;Dornbirn;068948;Margeritenweg;6850;80301
80301;Dornbirn;17178;Dornbirn;071153;Schollengraben;6850;80301
80301;Dornbirn;17178;Dornbirn;071473;Mesnergut;6850;80301
80301;Dornbirn;17178;Dornbirn;072930;Langer Trog;6850;80301
80301;Dornbirn;17178;Dornbirn;073326;Weidenweg;6850;80301
80301;Dornbirn;17178;Dornbirn;075156;Ulrich-Ilg-Straße;6850;80301
80301;Dornbirn;17178;Dornbirn;090641;Gehr;6850;80301
80301;Dornbirn;17178;Dornbirn;091381;Stadtstraße;6850;80301
80301;Dornbirn;17178;Dornbirn;092117;Schwefelquelle;6850;80301
80301;Dornbirn;17178;Dornbirn;095667;Am Kehlerpark;6850;80301
80301;Dornbirn;17178;Dornbirn;098362;Falkenweg;6850;80301
80301;Dornbirn;17178;Dornbirn;098476;Eschenstraße;6850;80301
80301;Dornbirn;17178;Dornbirn;098478;Köblern;6850;80301
80301;Dornbirn;17178;Dornbirn;098479;Marktpassage;6850;80301
80301;Dornbirn;17178;Dornbirn;098482;Ulrich-Fabri-Straße;6850;80301
80301;Dornbirn;17178;Dornbirn;101276;Unterer Beckenhag;6850;80301
80301;Dornbirn;17178;Dornbirn;101281;Im Bündtle;6850;80301
80301;Dornbirn;17178;Dornbirn;101282;Am Feuergraben;6850;80301
80301;Dornbirn;17178;Dornbirn;103178;Bussardweg;6850;80301
80301;Dornbirn;17178;Dornbirn;103179;Kiebitzweg;6850;80301
80301;Dornbirn;17178;Dornbirn;103180;Mittlere Fängen;6850;80301
80301;Dornbirn;17178;Dornbirn;103181;Schwarzkiefernweg;6850;80301
80301;Dornbirn;17178;Dornbirn;104694;Hermann-Gmeiner-Weg;6850;80301
80301;Dornbirn;17178;Dornbirn;107834;Oberer Paracelsusweg;6850;80301
80301;Dornbirn;17178;Dornbirn;107835;Knebelbrugg;6850;80301
80301;Dornbirn;17178;Dornbirn;108886;J.-M.-Fussenegger-Straße;6850;80301
80301;Dornbirn;17178;Dornbirn;109117;Dr.-Walter-Zumtobel-Straße;6850;80301
80301;Dornbirn;17178;Dornbirn;109630;Druckergasse;6850;80301
80301;Dornbirn;17178;Dornbirn;109829;Turteltaubweg;6850;80301
80301;Dornbirn;17178;Dornbirn;110004;Kirschweg;6850;80301
80301;Dornbirn;17178;Dornbirn;110005;Flachsweg;6850;80301
80301;Dornbirn;17178;Dornbirn;111983;Hochschulstraße;6850;80301
80301;Dornbirn;17178;Dornbirn;113493;Armin-Pramstaller-Straße;6850;80301
80301;Dornbirn;17178;Dornbirn;113494;Irisweg;6850;80301
80301;Dornbirn;17178;Dornbirn;113495;Elsterweg;6850;80301
80301;Dornbirn;17178;Dornbirn;115932;Poststraße;6850;80301
80301;Dornbirn;17178;Dornbirn;116409;Messeplatz;6850;80301
80301;Dornbirn;17178;Dornbirn;119854;Katharine-Drexel-Straße;6850;80301
80301;Dornbirn;17178;Dornbirn;119855;Hugo-Kleinbrod-Straße;6850;80301
80301;Dornbirn;17178;Dornbirn;125095;Rundfunkplatz;6850;80301
80301;Dornbirn;17178;Dornbirn;125097;Funkenweg;6850;80301
80301;Dornbirn;17178;Dornbirn;125588;Otto-Wohlgenannt-Straße;6850;80301
80302;Hohenems;17180;Hohenems;003092;Lehrer-Albrich-Weg;6845;80302
80302;Hohenems;17180;Hohenems;007752;Fluhereck;6845;80302
80302;Hohenems;17180;Hohenems;043900;Achstraße;6845;80302